test_user500,216,3
test_user501,217,3
test_user502,218,3
test_user503,219,3
test_user504,220,3
test_user505,221,3
test_user506,222,3
test_user507,223,3
test_user508,224,3
test_user509,225,3
test_user510,226,3
test_user511,227,3
test_user512,228,3
test_user513,229,3
test_user514,230,3
test_user515,231,3
test_user516,232,3
test_user517,233,3
test_user518,234,3
test_user519,235,3
test_user520,236,3
test_user521,237,3
test_user522,238,3
test_user523,239,3
test_user524,240,3
test_user525,241,3
test_user526,242,3
test_user527,243,3
test_user528,244,3
test_user529,245,3
test_user530,246,3
test_user531,247,3
test_user532,248,3
test_user533,249,3
test_user534,250,3
test_user535,251,3
test_user536,252,3
test_user537,669,3
test_user538,672,3
test_user539,673,3
test_user540,683,3
test_user541,684,3
test_user542,687,3
test_user543,688,3
test_user544,690,3
test_user545,691,3
test_user546,695,3
test_user547,696,3
test_user548,699,3
test_user549,700,3