test_user6,13,1
test_user7,14,1
test_user8,15,1
test_user9,16,1
test_user10,17,1
test_user11,18,1
test_user12,19,1
test_user13,20,1
test_user14,21,1
test_user15,22,1
test_user16,23,1
test_user17,24,1
test_user18,25,1
test_user19,26,1
test_user20,27,1
test_user21,29,1
test_user22,30,1
test_user23,31,1
test_user24,32,1
test_user25,33,1
test_user26,34,1
test_user27,35,1
test_user28,36,1
test_user29,37,1
test_user30,38,1
test_user31,40,1
test_user32,41,1
test_user33,42,1
test_user34,43,1
test_user35,44,1
test_user36,45,1
test_user37,46,1
test_user38,49,1
test_user39,50,1
test_user40,52,1
test_user41,53,1
test_user42,55,1
test_user43,56,1
test_user44,57,1
test_user45,58,1
test_user46,59,1
test_user47,60,1
test_user48,61,1
test_user49,62,1
test_user50,63,1
test_user51,64,1
test_user52,65,1
test_user53,66,1
test_user54,67,1
test_user55,68,1
test_user56,72,1
test_user57,73,1
test_user58,74,1
test_user59,75,1
test_user60,78,1
test_user61,79,1
test_user62,80,1
test_user63,83,1
test_user64,84,1
test_user65,85,1
test_user66,93,1
test_user67,94,1
test_user68,95,1
test_user69,96,1
test_user70,97,1
test_user71,98,1
test_user72,99,1
test_user73,100,1
test_user74,101,1
test_user75,102,1
test_user76,103,1
test_user77,104,1
test_user78,105,1
test_user79,106,1
test_user80,107,1
test_user81,108,1
test_user82,110,1
test_user83,111,1
test_user84,112,1
test_user85,113,1
test_user86,114,1
test_user87,115,1
test_user88,116,1
test_user89,118,1
test_user90,119,1
test_user91,120,1
test_user92,121,1
test_user93,122,1
test_user94,123,1
test_user95,124,1
test_user96,125,1
test_user97,126,1
test_user98,127,1
test_user99,128,1
test_user100,130,1
test_user101,131,1
test_user102,132,1
test_user103,133,1
test_user104,134,1
test_user105,135,1
test_user106,136,1
test_user107,137,1
test_user108,138,1
test_user109,139,1
test_user110,140,1
test_user111,141,1
test_user112,142,1
test_user113,143,1
test_user114,144,1
test_user115,145,1
test_user116,146,1
test_user117,147,1
test_user118,149,1
test_user119,160,1
test_user120,161,1
test_user121,162,1
test_user122,163,1
test_user123,164,1
test_user124,165,1
test_user125,166,1
test_user126,167,1
test_user127,168,1
test_user128,468,1
test_user129,470,1
test_user130,472,1
test_user131,474,1
test_user132,542,1
test_user133,568,1
test_user134,571,1
test_user135,594,1
